GEOGRAPHY,BA_CODE,ECODE,AREA_NAME,band,TYPE_BUNGALOW_1,TYPE_BUNGALOW_2,TYPE_BUNGALOW_3,TYPE_BUNGALOW_4,TYPE_FLAT_MAIS_1,TYPE_FLAT_MAIS_2,TYPE_FLAT_MAIS_3,TYPE_FLAT_MAIS_4,TYPE_HOUSE_TERRACED_1,TYPE_HOUSE_TERRACED_2,TYPE_HOUSE_TERRACED_3,TYPE_HOUSE_TERRACED_4,TYPE_HOUSE_SEMI_1,TYPE_HOUSE_SEMI_2,TYPE_HOUSE_SEMI_3,TYPE_HOUSE_SEMI_4,TYPE_HOUSE_DETACHED_1,TYPE_HOUSE_DETACHED_2,TYPE_HOUSE_DETACHED_3,TYPE_HOUSE_DETACHED_4,ALL_PROPERTIES
LAUA,1355,E06000047,County Durham UA,All,7190,18760,6470,1130,8340,6750,1000,650,930,42490,41800,4920,150,18730,46250,5200,70,1310,14080,20560,248480
LAUA,1350,E06000005,Darlington UA,All,530,2290,940,180,4070,2870,190,40,110,8340,6580,1320,10,4400,10760,1150,10,150,2610,4510,51340
LAUA,724,E06000001,Hartlepool UA,All,630,2440,830,100,2960,2430,190,50,50,6430,9910,1040,20,1570,8280,990,-,70,1950,4050,44240
LAUA,734,E06000002,Middlesbrough UA,All,880,3310,1170,250,4980,3590,280,200,120,6570,14840,1170,20,3040,15170,1670,-,60,2200,4640,64270
LAUA,2935,E06000057,Northumberland UA,All,4160,10790,6750,2090,7100,9540,1170,140,550,15680,21880,3270,140,10230,28490,4320,70,1280,9330,17900,155640
LAUA,728,E06000003,Redcar and Cleveland UA,All,1550,5740,2630,510,3600,2680,290,70,180,5910,10990,1310,70,2550,16180,1850,10,220,3110,5320,64970
LAUA,738,E06000004,Stockton-on-Tees UA,All,1560,5140,2580,460,5000,4300,440,140,250,6180,14650,1630,30,3820,21580,2520,10,200,5560,11800,88140
LAUA,4505,E08000037,Gateshead,All,2110,4860,1690,250,7320,11710,1950,540,360,9380,13340,2170,90,8240,21010,2150,10,200,2930,3640,94160
LAUA,4510,E08000021,Newcastle upon Tyne,All,1430,4600,1450,170,17760,24550,5600,3370,200,9110,19550,4850,80,4550,25100,4490,10,120,2750,5000,135020
LAUA,4515,E08000022,North Tyneside,All,1680,4720,1310,150,8060,14080,1960,360,270,6580,14500,2890,100,6770,22580,3880,10,120,3390,6090,99520
LAUA,4520,E08000023,South Tyneside,All,1960,3650,840,150,6310,8010,1920,280,130,7550,12410,1620,10,4790,16660,1200,0,90,1850,2760,72230
LAUA,4525,E08000024,Sunderland,All,4970,10840,3680,590,9070,8800,1000,420,340,11090,20310,3580,50,13910,26860,3050,10,180,4160,7050,130510
LAUA,2372,E06000008,Blackburn with Darwen UA,All,540,2370,1210,230,4450,2670,200,40,220,15800,11580,1480,30,2760,9620,1180,10,170,2410,3740,61560
LAUA,2373,E06000009,Blackpool UA,All,400,3810,1020,240,10880,5290,620,160,140,5730,14680,2900,60,2130,16410,1700,10,220,1790,1760,71910
LAUA,660,E06000049,Cheshire East UA,All,2170,9520,6320,1380,9510,9650,810,230,890,17670,19440,2670,210,8090,33420,4570,80,1900,15810,33520,179620
LAUA,665,E06000050,Cheshire West and Chester UA,All,1640,6840,6220,1500,9300,10370,980,300,480,12250,22500,2530,220,6480,36030,4710,60,900,12460,22650,160310
LAUA,650,E06000006,Halton UA,All,930,2150,2220,160,3060,3430,310,50,160,5290,14630,1180,40,2250,12060,890,10,180,3440,5270,58030
LAUA,655,E06000007,Warrington UA,All,1600,4310,3460,690,6130,5160,280,50,210,8480,14140,1220,200,3580,23400,2120,50,470,6020,10970,93600
LAUA,905,E07000026,Allerdale,All,360,3490,2410,480,1600,2070,250,60,200,5560,7220,2080,50,2360,8790,1290,30,510,3180,3910,47510
LAUA,910,E07000027,Barrow-in-Furness,All,210,1600,1340,190,2200,1220,230,50,160,7950,6920,1350,10,830,5950,760,-,90,1040,1170,33790
LAUA,915,E07000028,Carlisle,All,890,2700,2230,520,2470,3460,230,60,270,6980,7290,1430,40,3670,10590,1340,20,480,3080,4790,53100
LAUA,920,E07000029,Copeland,All,110,2130,1950,480,1110,1300,160,50,90,3620,5860,960,10,1610,8210,1070,10,200,1490,2230,33750
LAUA,925,E07000030,Eden,All,190,1550,1800,370,1020,1380,140,40,220,2190,2920,830,60,1150,4140,820,30,590,2780,3680,26950
LAUA,930,E07000031,South Lakeland,All,550,4050,3660,900,3100,4140,750,210,370,4840,6380,1760,90,1890,8040,1670,60,760,3660,5040,53670
LAUA,4205,E08000001,Bolton,All,1710,5170,3780,1000,10140,7500,380,140,410,25910,17360,2420,70,7490,23250,2740,10,310,5520,8790,125530
LAUA,4210,E08000002,Bury,All,910,3100,2290,510,6440,5600,310,30,160,14890,10010,1100,40,3280,20150,2740,10,250,4500,6760,84150
LAUA,4215,E08000003,Manchester,All,1030,1430,300,70,38810,40970,3270,3210,340,27880,46530,5290,70,5190,44840,5580,10,190,2880,3080,234230
LAUA,4220,E08000004,Oldham,All,1460,4350,2610,1090,6650,5130,510,70,360,25660,14580,1930,60,5820,15180,2500,10,250,3460,4300,97190
LAUA,4225,E08000005,Rochdale,All,1480,2940,1980,520,7170,5070,690,100,410,19130,15670,1740,30,5280,18310,2180,10,290,4170,6700,94850
LAUA,4230,E08000006,Salford,All,960,2250,1140,260,15250,20400,1880,580,170,14640,18680,2650,70,4490,24790,3550,10,170,3630,4320,121520
LAUA,4235,E08000007,Stockport,All,810,4610,3110,790,11390,9100,780,80,220,15060,13450,1370,60,7100,35750,4590,20,410,9520,11360,130890
LAUA,4240,E08000008,Tameside,All,1090,3710,1770,480,8690,6510,350,70,270,21900,16380,1330,20,5920,22360,2360,10,310,4010,4450,103300
LAUA,4245,E08000009,Trafford,All,800,1830,820,180,8840,11200,920,120,140,5880,14230,2150,60,2820,31790,5180,20,220,5780,6830,100500
LAUA,4250,E08000010,Wigan,All,1980,6670,6790,1120,6400,6730,320,60,210,18880,21480,1270,80,8210,40520,3150,20,500,8550,11840,147130
LAUA,2315,E07000117,Burnley,All,700,2020,1050,150,2620,980,130,40,380,13270,6440,1060,10,2210,5900,730,-,110,1660,1830,41810
LAUA,2320,E07000118,Chorley,All,420,2610,2980,490,2130,2490,140,10,220,6570,6950,630,40,2020,9750,940,20,360,4110,7630,51700
LAUA,2325,E07000119,Fylde,All,280,3100,2350,740,3500,4400,450,80,130,2310,3790,1020,40,850,5870,1780,20,260,2400,4760,39590
LAUA,2330,E07000120,Hyndburn,All,620,1790,910,160,2130,1020,90,30,270,14350,4460,690,20,1100,5110,470,-,170,1450,1610,37070
LAUA,2335,E07000121,Lancaster,All,800,6150,2790,710,5930,5290,500,740,410,5940,8240,3110,50,1810,12780,1330,20,390,2890,4090,65420
LAUA,2340,E07000122,Pendle,All,740,1420,1100,190,1540,1340,100,20,670,14830,6040,1100,30,1720,4970,690,10,160,1100,1890,40610
LAUA,2345,E07000123,Preston,All,510,2070,1190,270,6890,4550,400,950,180,7750,12450,1230,70,2200,12640,1420,10,310,3300,5220,64440
LAUA,2350,E07000124,Ribble Valley,All,380,1700,1560,440,1080,840,110,30,160,4740,2800,540,20,840,3960,720,20,320,1950,4500,27640
LAUA,2355,E07000125,Rossendale,All,560,1190,890,190,1840,1350,150,10,500,9120,3720,610,20,1380,4290,540,10,200,1590,3180,32140
LAUA,2360,E07000126,South Ribble,All,430,3840,2740,440,1860,2360,80,20,160,3460,5230,460,60,2520,13880,1100,30,390,4070,6180,49990
LAUA,2365,E07000127,West Lancashire,All,730,3020,2550,610,2440,2350,240,270,70,2760,7620,1550,60,2590,9870,1360,30,490,3670,6560,50160
LAUA,2370,E07000128,Wyre,All,580,7630,3390,840,3050,2540,220,60,140,2910,6530,580,30,1840,9900,1170,20,420,3540,5630,52890
LAUA,4305,E08000011,Knowsley,All,530,1510,590,110,2870,4650,380,30,40,4600,19870,1820,10,2480,19300,1900,-,100,3230,4260,68800
LAUA,4310,E08000012,Liverpool,All,1100,3900,1060,190,31430,24880,3600,3520,340,22740,66280,8430,220,4810,40260,6830,10,180,4470,6920,232010
LAUA,4320,E08000014,Sefton,All,1070,4240,3030,640,11580,13180,1580,240,50,4690,18640,2770,100,4910,39120,7340,20,490,5190,9010,128190
LAUA,4315,E08000013,St. Helens,All,910,2640,1800,270,4240,3470,210,50,120,11720,14250,720,80,3600,27920,1750,10,320,4450,5240,84210
LAUA,4325,E08000015,Wirral,All,1450,5830,3670,920,10740,14580,1810,390,330,9160,24280,5210,70,2850,40590,9950,10,390,6600,10180,149430
LAUA,2001,E06000011,East Riding of Yorkshire UA,All,2360,17150,10180,2010,7260,7060,630,150,720,12870,16170,3150,150,6160,28760,4800,60,1240,11910,23080,157760
LAUA,2004,E06000010,"Kingston upon Hull, City of UA",All,2810,4590,600,90,12000,7470,860,470,230,23840,36880,4130,40,5330,14800,2190,10,110,2480,3230,122510
LAUA,2002,E06000012,North East Lincolnshire UA,All,730,4390,5520,920,5000,2720,390,30,200,4970,18750,1560,60,1720,14700,1470,30,270,3170,5730,73630
LAUA,2003,E06000013,North Lincolnshire UA,All,1060,6190,5540,660,3270,2890,320,50,140,3050,7860,600,60,2880,22280,1050,20,630,6430,8490,75990
LAUA,2741,E06000014,York UA,All,820,6210,3310,460,9150,7620,600,470,500,11020,9920,2860,140,4440,16530,2180,30,480,5270,8120,91220
LAUA,2705,E07000163,Craven,All,480,1470,940,180,1250,1280,170,40,380,4230,4550,890,60,1040,4040,1050,30,350,1710,2700,27720
LAUA,2710,E07000164,Hambleton,All,950,3650,2840,590,1250,1550,160,50,360,3320,4480,1240,80,1560,5890,1170,30,470,3620,7990,42610
LAUA,2715,E07000165,Harrogate,All,480,4180,2900,740,5800,5700,950,220,470,5840,6640,2700,150,2570,11990,2700,60,750,5690,11230,73410
LAUA,2720,E07000166,Richmondshire,All,320,1790,1210,240,810,790,110,350,200,2030,2990,740,60,1270,3810,850,40,510,1950,2870,23660
LAUA,2725,E07000167,Ryedale,All,380,2480,1600,260,890,1000,100,40,220,2250,2460,650,90,1410,4050,760,20,610,2640,3730,26330
LAUA,2730,E07000168,Scarborough,All,500,6040,2740,510,5980,6610,1190,260,230,4080,6060,2720,80,2050,8580,1650,30,540,2880,3730,57820
LAUA,2735,E07000169,Selby,All,640,3180,2540,320,1210,1380,200,20,240,2720,3930,560,100,1860,7700,890,20,420,4040,7660,40290
LAUA,4405,E08000016,Barnsley,All,2550,8900,4910,650,4020,4360,220,60,480,15650,11040,1620,60,7230,32030,1980,20,490,6220,9050,112470
LAUA,4410,E08000017,Doncaster,All,3380,9420,6970,720,5340,5370,600,90,210,9940,20980,2020,30,7090,41370,2790,20,460,8070,11420,139090
LAUA,4415,E08000018,Rotherham,All,3110,6990,3840,590,5330,6510,540,70,210,9390,12270,1710,70,7730,39240,3220,20,470,6440,9260,118110
LAUA,4420,E08000019,Sheffield,All,2320,5360,3160,590,31570,21900,2790,3800,940,20820,45230,5350,100,14530,56420,8040,30,920,11110,12540,252550
LAUA,4705,E08000032,Bradford,All,2370,8350,4430,1020,18580,13820,1390,720,4470,25890,38850,11230,230,9290,47370,6050,50,700,7650,13880,218970
LAUA,4710,E08000033,Calderdale,All,1280,3310,1760,410,7370,6260,770,110,3180,18410,16750,4240,170,4330,13690,2380,60,660,3040,5740,95580
LAUA,4715,E08000034,Kirklees,All,3340,8570,4990,1290,15380,8570,790,830,6500,28430,26390,4910,300,11260,31650,4260,90,1440,9930,15830,188310
LAUA,4720,E08000035,Leeds,All,2040,12560,6460,1470,37130,37380,3560,2860,3810,36580,45890,13040,260,20770,78910,9750,50,970,14750,23780,357660
LAUA,4725,E08000036,Wakefield,All,2910,10450,5710,890,7930,9510,460,90,630,18970,16270,2090,140,10260,43210,3140,20,790,9240,14090,159140
LAUA,1055,E06000015,Derby UA,All,1350,5580,1880,160,9790,6830,450,190,650,12930,14220,1570,80,5590,28520,1590,10,620,8680,9110,111010
LAUA,2465,E06000016,Leicester UA,All,2980,2060,780,110,23300,10670,1470,1960,480,17420,28160,3060,50,4160,29310,2460,10,310,4070,4910,140840
LAUA,3060,E06000018,Nottingham UA,All,1340,4360,1470,170,23530,12720,1120,2360,280,16650,28680,2670,50,5100,23150,2330,20,560,8600,4290,140900
LAUA,2470,E06000017,Rutland UA,All,310,670,740,130,510,760,100,10,130,1150,1920,330,20,660,2850,390,20,260,2060,4000,17590
LAUA,1005,E07000032,Amber Valley,All,810,4110,1740,220,2080,1680,170,40,540,6740,5410,580,100,5130,12150,790,30,1410,7430,6630,58360
LAUA,1010,E07000033,Bolsover,All,400,4390,1490,150,910,1170,100,20,90,3650,4090,270,70,3200,9390,440,10,490,3030,2970,36660
LAUA,1015,E07000034,Chesterfield,All,1060,3030,1700,170,3630,2280,120,20,160,5200,3480,290,80,6260,12220,980,10,490,3680,3820,49700
LAUA,1045,E07000035,Derbyshire Dales,All,450,1740,1470,290,1530,1430,240,50,370,3310,3100,540,160,2260,5450,850,120,1290,4140,4680,34400
LAUA,1025,E07000036,Erewash,All,1090,3190,1230,130,2380,1820,180,30,190,5250,4900,340,40,3770,15410,710,20,580,6070,4300,52290
LAUA,1030,E07000037,High Peak,All,740,1620,930,230,2510,2340,320,110,380,8240,5400,940,50,2180,6620,1160,30,520,2910,4340,42450
LAUA,1035,E07000038,North East Derbyshire,All,1000,4390,2200,290,1290,1460,110,20,110,3470,2440,220,50,4540,12130,700,40,760,5170,4930,46510
LAUA,1040,E07000039,South Derbyshire,All,370,2590,1270,240,1110,1590,110,30,390,4150,4340,520,40,2840,9540,830,20,510,5970,8350,45880
LAUA,2405,E07000129,Blaby,All,540,3020,1530,230,1280,1180,80,20,150,2310,2440,190,30,1960,13770,1200,10,280,5460,6790,43310
LAUA,2410,E07000130,Charnwood,All,780,4740,2410,420,4780,3490,240,210,490,6680,8170,1070,70,3130,18190,1760,30,630,6870,10410,76220
LAUA,2415,E07000131,Harborough,All,330,2790,1680,290,1590,1360,120,20,250,2850,3110,460,60,1660,6510,920,40,470,4820,10290,40590
LAUA,2420,E07000132,Hinckley and Bosworth,All,530,4300,1820,290,2120,2050,120,30,190,4250,3970,350,30,2590,12060,760,10,470,5970,7550,50620
LAUA,2430,E07000133,Melton,All,190,1450,990,160,960,630,90,20,130,1620,2230,210,30,1120,5350,440,10,340,2790,3740,23200
LAUA,2435,E07000134,North West Leicestershire,All,510,2720,1880,220,1490,1280,110,40,180,3730,4410,470,30,1920,10610,800,20,520,5260,8120,45610
LAUA,2440,E07000135,Oadby and Wigston,All,210,1980,760,90,950,970,190,70,70,1920,1820,90,10,770,7290,870,-,60,2220,3110,23520
LAUA,2505,E07000136,Boston,All,520,3570,2680,220,1730,1420,110,70,190,2130,2850,220,30,1360,5230,320,20,420,3510,2930,30380
LAUA,2510,E07000137,East Lindsey,All,1270,12890,8560,1050,3160,2920,470,180,240,3620,3660,720,110,2690,8280,1250,50,1230,6260,7600,69680
LAUA,2515,E07000138,Lincoln,All,550,1820,1570,200,5860,3740,270,650,240,6380,8030,1240,30,2630,6760,670,20,180,2170,2670,46060
LAUA,2520,E07000139,North Kesteven,All,630,5490,6610,800,690,1290,210,10,230,2430,3030,360,30,2650,8690,840,20,510,6450,9750,52160
LAUA,2525,E07000140,South Holland,All,920,5400,3730,410,910,900,70,20,110,2220,1970,240,50,2150,6890,420,20,660,6140,5230,41540
LAUA,2530,E07000141,South Kesteven,All,540,4650,3390,490,2260,2820,120,30,240,4340,7290,950,60,2280,11620,1080,20,540,6870,11330,64910
LAUA,2535,E07000142,West Lindsey,All,430,4110,4570,670,1150,940,150,20,110,3200,4390,490,40,1970,6170,900,20,580,4850,7620,43830
LAUA,2805,E07000150,Corby,All,390,790,580,60,1320,1830,350,40,70,1950,7200,1180,10,1450,6310,790,10,90,2200,3540,30270
LAUA,2810,E07000151,Daventry,All,240,2440,1150,370,1310,1150,100,20,280,2590,4140,610,50,1790,5900,1090,40,480,3940,8590,37110
LAUA,2815,E07000152,East Northamptonshire,All,430,2360,1260,260,1510,1740,130,50,140,3330,5930,690,30,1900,7520,870,30,440,3810,7680,41090
LAUA,2820,E07000153,Kettering,All,360,2510,1160,180,3090,2750,210,60,250,4550,6740,690,60,2190,8820,840,10,340,4420,6100,45610
LAUA,2825,E07000154,Northampton,All,1240,5610,2080,470,10180,7970,460,120,600,10140,20520,2670,60,3120,13640,1510,20,280,6130,10750,98520
LAUA,2830,E07000155,South Northamptonshire,All,280,2640,1570,510,1170,1380,170,30,290,2410,3800,680,70,1800,7360,1090,30,530,4290,9630,40650
LAUA,2835,E07000156,Wellingborough,All,380,1940,750,140,2440,1850,110,20,140,3130,7180,550,30,1450,7010,590,10,240,2840,4250,35590
LAUA,3005,E07000170,Ashfield,All,840,4520,2750,280,2260,2160,100,20,190,5830,5580,430,30,3780,15750,670,10,450,5500,4660,56330
LAUA,3010,E07000171,Bassetlaw,All,1220,3660,2340,360,2070,1510,190,30,170,3570,5290,510,50,2910,14220,900,20,480,4730,7630,53340
LAUA,3015,E07000172,Broxtowe,All,590,3420,2100,290,2810,2940,140,100,170,3590,5260,320,20,2350,12520,870,-,520,7240,4970,50630
LAUA,3020,E07000173,Gedling,All,180,3150,2510,500,2770,3220,120,30,90,4140,4460,310,30,2120,13320,850,10,460,7620,6540,53120
LAUA,3025,E07000174,Mansfield,All,1070,4340,2210,210,2230,2280,110,50,140,3660,5120,330,50,3170,13940,730,10,430,4540,4300,49890
LAUA,3030,E07000175,Newark and Sherwood,All,760,4340,2800,470,2130,2350,200,90,310,3340,5300,510,40,1940,13280,1070,20,640,5500,8460,55080
LAUA,3040,E07000176,Rushcliffe,All,280,3470,2180,560,2240,3040,190,120,120,2410,3400,540,20,1890,9120,1690,20,460,7230,10320,50870
LAUA,1850,E06000019,"Herefordshire, County of UA",All,1360,4680,4450,910,5470,4150,560,120,850,6120,8400,1120,150,3320,13190,2050,180,2780,10290,13730,86350
LAUA,3245,E06000051,Shropshire UA,All,2490,9940,6890,1160,6320,6250,620,170,990,10060,12760,2100,220,7190,28380,2960,200,3690,16520,21760,145340
LAUA,3455,E06000021,Stoke-on-Trent UA,All,3370,6010,2100,230,7020,6170,500,130,250,22580,13540,1270,90,9480,31900,1240,20,500,5710,4550,117490
LAUA,3240,E06000020,Telford and Wrekin UA,All,1190,4130,1430,210,3470,4320,200,60,350,5030,11870,2160,100,4750,16790,1240,30,690,7200,11520,78120
LAUA,3405,E07000192,Cannock Chase,All,1520,2850,1210,170,2800,2090,130,30,70,2030,3450,140,10,3750,12390,770,-,430,5350,4620,44270
LAUA,3410,E07000193,East Staffordshire,All,460,3000,1330,240,3020,2900,120,30,220,4910,8540,770,50,2640,9280,860,20,630,5220,7210,52620
LAUA,3415,E07000194,Lichfield,All,620,2490,1480,330,2020,3360,180,20,160,2370,4520,440,50,2170,9950,1170,20,460,5510,7670,46300
LAUA,3420,E07000195,Newcastle-under-Lyme,All,960,3490,1790,310,3860,2290,210,130,90,5910,5820,530,40,4110,15510,1090,10,560,4280,5150,56540
LAUA,3430,E07000196,South Staffordshire,All,500,3970,1470,310,1750,2420,160,20,100,1770,3320,230,40,2880,11210,1000,10,570,6250,7980,47480
LAUA,3425,E07000197,Stafford,All,570,3350,2010,360,3750,3200,220,20,180,3940,6300,850,50,2650,12570,1170,30,720,7210,10180,61490
LAUA,3435,E07000198,Staffordshire Moorlands,All,860,4320,2300,380,1190,970,120,30,240,3840,2900,590,90,2600,9810,730,70,1150,5870,4900,44240
LAUA,3445,E07000199,Tamworth,All,290,800,320,50,2260,2100,60,10,80,2210,5710,460,20,2060,8320,680,-,120,3490,4040,33270
LAUA,3705,E07000218,North Warwickshire,All,390,1310,600,110,1240,1190,120,20,190,2810,3840,270,30,1520,7340,510,10,260,2870,2980,28510
LAUA,3710,E07000219,Nuneaton and Bedworth,All,490,2560,1010,130,3700,3330,260,20,110,5140,10000,620,30,3030,14230,920,10,220,5440,5840,57910
LAUA,3715,E07000220,Rugby,All,290,2380,1180,340,2960,3020,120,40,300,4060,7440,800,40,1970,9720,1140,30,310,3560,7110,48150
LAUA,3720,E07000221,Stratford-on-Avon,All,620,3190,1570,460,2700,4130,330,110,480,5140,6310,930,100,2670,10240,1470,50,960,6090,10650,61130
LAUA,3725,E07000222,Warwick,All,680,2130,1190,270,5720,7880,880,300,250,5570,7720,1590,60,2940,11900,1810,30,460,4010,8510,65240
LAUA,4605,E08000025,Birmingham,All,4650,4370,2520,390,59770,46670,9480,3420,670,37810,107530,9150,200,15810,92020,11730,30,850,15380,17870,448360
LAUA,4610,E08000026,Coventry,All,1250,3160,1040,220,15130,13660,970,1380,300,18140,44930,2500,60,3520,24210,2850,10,260,4090,5700,146850
LAUA,4615,E08000027,Dudley,All,2280,5230,1620,250,10340,8640,1250,70,230,8910,15110,1380,60,11240,45630,2870,20,1070,13140,9560,139400
LAUA,4620,E08000028,Sandwell,All,1700,1970,520,80,12580,12340,1140,90,230,11810,27060,1750,50,8630,38870,2560,10,600,6210,4380,134040
LAUA,4625,E08000029,Solihull,All,1650,2110,1250,310,5970,10130,1230,40,120,3310,11090,1210,40,2710,24320,3050,10,410,7620,14390,93220
LAUA,4630,E08000030,Walsall,All,1400,3200,1630,240,7880,12550,550,80,100,8520,21710,1380,70,5360,33370,1830,10,540,8460,7290,116740
LAUA,4635,E08000031,Wolverhampton,All,840,3390,1010,110,12020,10050,1110,310,120,6580,16090,1240,80,6810,34580,2400,10,470,7400,5060,110820
LAUA,1805,E07000234,Bromsgrove,All,450,1630,1060,300,2190,2290,180,30,230,2260,3990,400,50,1870,9860,1260,20,470,4860,7880,42150
LAUA,1860,E07000235,Malvern Hills,All,650,2710,1910,460,1990,2460,320,50,160,1920,2090,380,80,1810,5850,1090,60,890,4180,6170,36470
LAUA,1825,E07000236,Redditch,All,670,920,580,100,3490,2250,190,20,170,2980,7010,790,20,1730,7020,560,10,170,3290,5070,37200
LAUA,1835,E07000237,Worcester,All,130,1200,700,170,5550,4170,310,250,310,4350,6250,870,40,1960,10590,1170,20,160,3300,4660,46370
LAUA,1840,E07000238,Wychavon,All,990,3350,1990,500,3120,2790,210,60,520,3830,5790,690,130,3210,9030,1420,50,850,6580,11750,58850
LAUA,1845,E07000239,Wyre Forest,All,760,2940,1140,280,3200,2730,130,40,270,3650,5440,560,60,1780,10980,970,30,430,5070,4940,47210
LAUA,235,E06000055,Bedford UA,All,1040,2260,1560,470,7960,5940,600,90,450,5140,11550,1390,70,2220,15010,2480,40,550,5040,11310,76710
LAUA,240,E06000056,Central Bedfordshire UA,All,1820,4410,3200,910,6770,8210,460,80,1110,11180,18020,2330,140,5060,24120,3410,40,830,9120,19200,122620
LAUA,230,E06000032,Luton UA,All,370,2260,1320,190,12860,7340,720,450,970,7820,15110,1050,60,3130,20100,1330,10,180,3160,3700,82530
LAUA,540,E06000031,Peterborough UA,All,1410,3390,3050,480,7800,6310,520,80,570,6020,14570,2710,80,4460,15030,1830,20,590,6390,10110,86470
LAUA,1590,E06000033,Southend-on-Sea UA,All,680,5960,2500,330,15380,13140,1810,360,290,3130,10760,2280,40,1520,11440,3660,40,450,3080,4960,82130
LAUA,1595,E06000034,Thurrock UA,All,650,2520,1120,310,7050,8240,1120,70,460,5900,17060,1170,50,1770,12920,1630,-,150,2230,3800,68630
LAUA,505,E07000008,Cambridge,All,390,570,260,80,10980,9370,1260,770,410,4790,9920,2720,50,1380,8000,1880,20,250,1420,2760,58240
LAUA,510,E07000009,East Cambridgeshire,All,880,3490,2490,420,1470,1390,80,10,240,2710,3500,620,60,2000,5840,830,20,690,3790,6440,38170
LAUA,515,E07000010,Fenland,All,1030,6170,3830,530,2210,1670,110,30,330,3160,3790,330,60,1920,7200,610,20,710,4980,5690,45770
LAUA,520,E07000011,Huntingdonshire,All,600,3700,3110,650,4420,4170,250,30,800,5360,9120,1570,130,2670,13670,1800,30,740,7360,16860,78490
LAUA,530,E07000012,South Cambridgeshire,All,1490,4860,2890,1140,2080,2640,150,60,540,4300,6000,1080,130,3270,12250,2130,50,880,5740,14670,68510
LAUA,1505,E07000066,Basildon,All,1220,3950,2430,590,8360,5820,640,20,470,8560,17530,2330,70,1740,8660,2720,10,270,3380,9340,78950
LAUA,1510,E07000067,Braintree,All,790,3900,1570,350,4340,4330,280,50,430,5890,9480,1460,110,3440,11780,1630,30,780,5140,9110,65880
LAUA,1515,E07000068,Brentwood,All,510,2060,1210,380,3310,4270,310,20,130,2150,3090,350,20,1000,5600,1220,10,270,2400,5280,34010
LAUA,1520,E07000069,Castle Point,All,2340,6100,2370,450,1650,1940,170,10,10,340,2820,140,20,1060,6510,1170,20,590,3470,5780,38790
LAUA,1525,E07000070,Chelmsford,All,1070,3220,1800,500,6940,8000,470,80,760,3900,10460,1490,50,2250,13670,2610,30,560,5720,12400,77200
LAUA,1530,E07000071,Colchester,All,970,4340,2920,580,7450,9500,480,750,500,5830,10300,2020,80,2830,14160,2190,40,710,6830,10250,83400
LAUA,1535,E07000072,Epping Forest,All,1010,1860,1030,340,5430,6390,720,60,100,4680,8010,1260,70,1750,10100,2260,30,440,3150,6640,57060
LAUA,1540,E07000073,Harlow,All,490,180,210,120,5710,4360,330,20,160,8030,10040,1620,10,450,2900,590,-,80,1420,1590,38360
LAUA,1545,E07000074,Maldon,All,420,2200,1470,370,1540,990,120,40,270,1960,2330,250,40,1270,4610,720,20,380,2600,6330,28600
LAUA,1550,E07000075,Rochford,All,550,4920,2210,450,2370,1630,120,20,130,1120,1980,170,30,1500,7540,1850,20,360,2740,5780,36410
LAUA,1560,E07000076,Tendring,All,1120,14540,5770,720,4830,6170,780,110,420,2720,5010,740,70,2730,9200,1310,30,1060,5820,6720,71530
LAUA,1570,E07000077,Uttlesford,All,420,1780,960,390,2070,1970,170,50,300,2380,3690,770,100,1600,6120,1380,40,660,3410,8680,38170
LAUA,1905,E07000095,Broxbourne,All,310,870,460,100,4460,5530,480,30,210,3400,9520,890,10,1020,6760,1030,10,170,1270,3680,40920
LAUA,1910,E07000096,Dacorum,All,660,1100,840,470,6950,7470,830,40,680,5410,13730,2260,50,1700,8450,2250,20,430,3200,7720,65040
LAUA,1915,E07000242,East Hertfordshire,All,820,1790,1030,470,5740,6640,560,60,590,5610,8040,1290,90,2580,10530,2290,30,590,4350,9780,63770
LAUA,1920,E07000098,Hertsmere,All,470,1510,750,230,4920,6830,760,60,240,3290,6310,780,20,950,8490,1380,10,200,1960,4500,44590
LAUA,1925,E07000099,North Hertfordshire,All,460,1960,1070,250,5560,5630,370,30,510,4310,10510,920,60,2180,10220,1570,30,440,3840,7250,58050
LAUA,1930,E07000240,St Albans,All,500,1680,1070,400,6270,7610,610,60,420,4420,8130,1100,80,1170,10810,2810,20,330,3780,8970,61550
LAUA,1935,E07000243,Stevenage,All,390,280,130,20,5330,3050,200,10,440,4210,13450,1560,20,840,3110,570,-,80,1180,2570,37680
LAUA,1940,E07000102,Three Rivers,All,340,1490,810,330,3420,3600,510,30,380,3330,3930,620,20,1110,8150,1320,10,180,2300,5530,38160
LAUA,1945,E07000103,Watford,All,160,520,260,60,7390,6940,390,30,90,3330,7690,820,20,540,7540,1110,10,100,1060,2040,40220
LAUA,1950,E07000241,Welwyn Hatfield,All,630,1740,780,350,6040,5330,470,500,320,3240,12710,1480,20,810,5560,1130,20,290,2270,4460,48910
LAUA,2605,E07000143,Breckland,All,1220,7600,6190,960,2380,1600,170,10,530,3860,6940,620,140,2620,8150,1030,30,760,6110,8960,62020
LAUA,2610,E07000144,Broadland,All,920,7860,8400,1590,1580,1170,100,20,320,2890,3650,400,100,2110,8890,1200,20,640,6190,9600,58930
LAUA,2615,E07000145,Great Yarmouth,All,910,5950,4520,570,3770,2770,440,60,250,4260,8960,1770,40,1180,4260,670,10,320,2670,3450,48180
LAUA,2635,E07000146,King's Lynn and West Norfolk,All,1370,10070,7610,1230,3480,2920,430,100,350,4680,6450,960,140,3260,11280,1490,40,940,5990,8810,73940
LAUA,2620,E07000147,North Norfolk,All,960,8030,5950,860,2380,2770,290,70,380,3910,3920,880,110,2210,7550,1150,40,1040,4990,5760,55300
LAUA,2625,E07000148,Norwich,All,910,1110,940,100,10650,12240,1240,110,210,4760,18470,1930,50,930,7380,1290,10,140,1960,2540,67160
LAUA,2630,E07000149,South Norfolk,All,890,6930,7100,1210,2000,1990,120,30,490,3570,4330,710,160,2660,8750,1230,50,1050,7080,11050,62980
LAUA,3505,E07000200,Babergh,All,590,3070,2610,500,1520,1290,200,40,360,3680,4780,610,110,1870,6250,860,50,620,4310,7240,41390
LAUA,3540,E07000244,East Suffolk,All,1940,12190,9940,1450,6580,4790,670,170,750,8610,15880,2330,140,3880,15860,2240,60,1420,10320,16490,118570
LAUA,3515,E07000202,Ipswich,All,180,2440,1190,220,8070,7070,610,200,50,4190,11260,970,20,1450,16470,1350,10,130,2450,2920,61440
LAUA,3520,E07000203,Mid Suffolk,All,770,4060,3220,610,1360,1220,100,30,420,3160,3020,470,120,2370,7330,880,50,1010,5280,8740,45290
LAUA,3545,E07000245,West Suffolk,All,1170,7220,5010,920,4760,4110,480,140,540,7400,12550,1790,150,2710,10090,1390,40,820,6460,10630,80100
LAUA,5210,E09000007,Camden,All,60,30,20,10,42780,31750,14130,4570,210,1480,3490,4190,30,160,440,1450,20,110,170,890,111480
LAUA,5030,E09000001,City of London,All,0,-,0,0,4120,2150,620,190,10,20,30,40,0,-,0,0,0,-,-,-,7440
LAUA,5360,E09000012,Hackney,All,150,30,60,50,36620,35930,15860,2670,220,2800,8490,6320,20,180,310,510,20,50,80,100,116260
LAUA,5390,E09000013,Hammersmith and Fulham,All,60,20,20,0,28470,21430,7720,1540,190,3740,6430,6410,10,100,490,800,10,30,60,130,90520
LAUA,5420,E09000014,Haringey,All,290,100,40,20,33150,26050,7340,1140,170,6680,19760,8540,30,340,1980,2210,20,60,210,790,110270
LAUA,5570,E09000019,Islington,All,40,20,10,10,39360,32520,11890,2820,220,2140,5380,6350,20,70,240,620,10,50,70,90,109860
LAUA,5600,E09000020,Kensington and Chelsea,All,30,10,10,0,29890,23690,9490,3430,280,1780,3190,5690,10,40,110,560,10,40,50,310,89230
LAUA,5660,E09000022,Lambeth,All,220,90,190,10,39860,43400,17740,2380,170,3510,12700,8220,30,350,2700,3250,20,100,290,820,144870
LAUA,5690,E09000023,Lewisham,All,160,200,50,10,33010,31130,7740,930,470,8760,22570,7430,40,580,5660,3070,30,150,570,780,129820
LAUA,5750,E09000025,Newham,All,250,110,30,10,27060,25150,8550,1230,620,12860,30060,5120,60,420,1310,530,10,50,250,280,120940
LAUA,5840,E09000028,Southwark,All,210,80,40,60,39680,43820,16430,3630,420,3380,9330,8110,80,240,930,2540,20,40,190,820,142800
LAUA,5900,E09000030,Tower Hamlets,All,80,20,10,0,43000,48590,19060,3880,280,3060,5960,3530,10,90,200,150,20,20,40,60,135730
LAUA,5960,E09000032,Wandsworth,All,150,90,40,10,36860,46120,16250,2290,430,6970,17200,10620,30,440,2320,3240,20,110,290,1540,147970
LAUA,5990,E09000033,Westminster,All,10,20,-,-,46570,37920,18310,5370,280,2370,2900,3930,20,90,150,470,10,30,60,380,128390
LAUA,5060,E09000002,Barking and Dagenham,All,380,590,120,30,11150,10440,2630,120,180,17310,25000,1860,40,790,4400,510,-,40,240,130,76190
LAUA,5090,E09000003,Barnet,All,410,1070,910,230,27490,37170,7990,750,320,6280,17350,4030,80,1590,23800,9880,20,290,3510,8600,153740
LAUA,5120,E09000004,Bexley,All,390,3350,1750,220,9620,13290,1540,210,450,6660,17150,2460,60,4110,26150,5410,10,220,1770,2310,99150
LAUA,5150,E09000005,Brent,All,180,630,300,70,32260,32860,6950,1280,90,2970,17080,4670,20,510,16350,4060,10,90,1470,2170,124480
LAUA,5180,E09000006,Bromley,All,470,3860,2650,620,17460,21770,4070,270,660,8540,20260,3480,110,4390,22720,6650,20,570,6330,13190,141210
LAUA,5240,E09000008,Croydon,All,370,1780,1150,340,30130,29220,3810,290,360,10210,32290,3380,50,2610,20730,6330,20,420,4510,8930,160100
LAUA,5270,E09000009,Ealing,All,240,740,390,90,30230,32250,6800,930,190,6540,30320,4890,40,1070,14670,5230,10,140,920,2300,139220
LAUA,5300,E09000010,Enfield,All,200,670,460,120,20610,24090,4630,210,180,8900,35290,3300,30,920,15770,4760,10,150,1510,2770,125650
LAUA,5330,E09000011,Greenwich,All,310,400,210,20,24550,29650,7050,460,360,10260,23190,4660,20,1140,10260,2550,10,120,1010,1250,119820
LAUA,5450,E09000015,Harrow,All,230,1220,560,130,13520,17190,2600,260,80,2880,15290,1700,60,920,24410,4300,10,170,2600,4990,93400
LAUA,5480,E09000016,Havering,All,640,5410,2950,690,10570,13460,1360,100,120,5760,23580,1470,170,2200,25320,3860,10,350,2680,3880,105680
LAUA,5510,E09000017,Hillingdon,All,640,3310,1540,360,15940,17500,2010,650,1210,10200,16420,1680,200,3230,25710,2500,10,440,4530,5100,113780
LAUA,5540,E09000018,Hounslow,All,440,650,270,60,20400,23780,4460,470,340,7310,17980,3150,50,1570,17950,3540,10,170,1040,1030,105390
LAUA,5630,E09000021,Kingston upon Thames,All,200,530,220,100,10880,13220,2210,310,350,2760,9010,1620,20,1700,12880,3760,10,510,2920,3870,68350
LAUA,5720,E09000024,Merton,All,170,230,150,20,14250,16440,3230,270,420,5700,26310,4770,50,560,5900,3130,20,120,560,2330,85440
LAUA,5780,E09000026,Redbridge,All,240,1660,700,250,15910,18000,2360,170,280,5750,32730,5720,50,780,12810,4410,20,130,1110,2320,105750
LAUA,5810,E09000027,Richmond upon Thames,All,250,930,530,120,13850,16960,3530,380,390,5850,13390,5060,90,1420,8760,6420,50,270,1550,3670,84960
LAUA,5870,E09000029,Sutton,All,130,930,600,100,12620,15770,2070,90,290,7080,15260,1390,20,1260,14200,3840,10,250,2140,4460,84580
LAUA,5930,E09000031,Waltham Forest,All,130,580,270,40,24580,20360,3150,160,200,8780,31930,3940,10,700,6820,1920,-,100,450,410,106050
LAUA,335,E06000036,Bracknell Forest UA,All,380,1260,690,240,5190,5200,260,30,450,4270,10470,1560,40,1140,5090,1150,20,240,3220,8540,51090
LAUA,1445,E06000043,Brighton and Hove UA,All,470,4710,2950,680,35320,25610,4370,1430,240,8840,14250,4310,80,2460,11710,3390,30,550,2740,3990,130710
LAUA,2100,E06000046,Isle of Wight UA,All,1050,6630,4920,660,6600,7570,1290,300,290,4750,6330,1120,120,3710,9970,2070,40,1130,5810,6000,71500
LAUA,2280,E06000035,Medway UA,All,1290,4110,2130,550,10730,8130,1100,280,710,12480,33380,2680,90,4060,19510,2740,20,390,3930,6830,116620
LAUA,435,E06000042,Milton Keynes UA,All,2080,3410,2210,450,9680,10620,570,110,1550,10050,17930,3190,240,4890,15980,2540,80,820,9320,17770,114360
LAUA,1775,E06000044,Portsmouth UA,All,300,580,280,70,15510,15120,3850,990,370,10430,28870,3580,70,700,7510,1720,10,120,880,1380,92860
LAUA,345,E06000038,Reading UA,All,340,790,470,120,13230,11360,910,430,230,5970,15450,1680,60,1690,10700,2040,20,240,2350,3820,73450
LAUA,350,E06000039,Slough UA,All,590,460,290,50,9380,8400,620,130,630,5300,11510,1390,60,1020,9080,1060,-,150,1940,1590,54880
LAUA,1780,E06000045,Southampton UA,All,210,2590,1290,120,23890,20890,1860,750,420,6540,15590,2270,100,2340,18040,2280,30,490,5890,3060,109150
LAUA,340,E06000037,West Berkshire UA,All,730,2090,2060,770,4790,5980,390,50,760,4290,7480,980,210,3280,12990,2190,40,680,5490,11810,69000
LAUA,355,E06000040,Windsor and Maidenhead UA,All,440,1530,1420,480,6350,8830,1130,110,320,3350,7970,1310,50,1550,10090,1790,30,510,4740,10620,65230
LAUA,360,E06000041,Wokingham UA,All,390,2370,1880,740,3420,5350,230,150,870,3900,5710,820,90,2430,12300,2180,30,610,7730,17230,70400
LAUA,405,E07000004,Aylesbury Vale,All,1210,2850,1880,750,5310,5680,330,80,1110,7980,10890,1520,110,4010,14270,2300,50,860,6530,14570,83690
LAUA,415,E07000005,Chiltern,All,320,1850,1740,660,2670,3490,340,50,180,2120,4170,600,40,1290,5100,1350,30,470,3620,9120,40180
LAUA,410,E07000006,South Bucks,All,270,830,580,280,2220,3560,640,30,130,1160,2700,400,40,790,4400,760,10,270,2660,7000,29550
LAUA,425,E07000007,Wycombe,All,970,3070,2090,870,7010,7670,420,150,590,3330,8610,900,80,2150,15840,2200,30,710,5660,10310,73870
LAUA,1410,E07000061,Eastbourne,All,90,2380,860,60,8440,8780,1650,320,60,4240,7090,1610,20,750,5340,1110,10,250,2630,2770,49150
LAUA,1415,E07000062,Hastings,All,390,1880,1000,110,7870,7470,1210,300,120,3500,5650,1630,20,890,4750,1050,20,220,2130,2970,43720
LAUA,1425,E07000063,Lewes,All,390,4930,3690,710,4430,3830,340,50,150,2930,5150,900,30,1330,5420,1020,30,490,3420,4830,45390
LAUA,1430,E07000064,Rother,All,390,4580,2900,590,3830,5460,900,140,110,2410,3470,640,40,1860,4900,920,40,900,4430,5950,45470
LAUA,1435,E07000065,Wealden,All,550,7400,3320,880,4060,3770,420,90,320,3830,4930,660,100,3480,9630,1960,50,1210,7320,13220,70370
LAUA,1705,E07000084,Basingstoke and Deane,All,770,3040,2510,620,5660,6740,180,100,870,5760,14890,1840,110,2190,10460,1670,30,550,5810,12240,77140
LAUA,1710,E07000085,East Hampshire,All,360,3050,3350,1020,3680,3840,350,30,330,3360,6240,690,120,1730,7500,1190,20,580,4540,11060,54380
LAUA,1715,E07000086,Eastleigh,All,230,3160,2480,510,3830,5550,210,10,430,4270,8300,520,120,1630,10420,1020,20,450,5330,8440,58040
LAUA,1720,E07000087,Fareham,All,350,4310,3420,730,3260,3410,160,30,150,2470,6870,580,130,1010,7930,1250,20,340,4480,8740,50130
LAUA,1725,E07000088,Gosport,All,510,1350,850,150,3970,4490,710,50,160,4430,8790,840,30,550,5730,880,-,150,1480,2080,37340
LAUA,1730,E07000089,Hart,All,230,1880,1360,430,2250,2830,240,20,410,2290,4900,560,40,1070,5590,840,10,390,3370,10740,40400
LAUA,1735,E07000090,Havant,All,260,4070,3540,580,5320,4840,720,30,310,3790,9820,920,40,1650,8060,1310,10,470,3730,5610,55480
LAUA,1740,E07000091,New Forest,All,640,7750,7010,1660,5090,5790,790,110,520,4230,8080,820,140,2940,10770,1210,70,1450,9220,11390,82370
LAUA,1750,E07000092,Rushmoor,All,150,740,490,110,5390,5620,380,240,310,3410,6660,620,30,1020,8630,1050,10,190,2410,2970,41000
LAUA,1760,E07000093,Test Valley,All,560,2300,2260,720,3380,3720,350,30,260,3570,8480,1140,100,1800,8430,1150,30,550,5210,10500,55890
LAUA,1765,E07000094,Winchester,All,710,2180,2010,740,3980,4640,480,350,320,3990,6200,1140,150,1930,7140,1440,40,600,4190,9750,53930
LAUA,2205,E07000105,Ashford,All,800,3040,1740,490,3100,3870,290,50,400,4330,8390,1120,50,2560,8880,1240,40,630,4320,8280,55590
LAUA,2210,E07000106,Canterbury,All,860,7720,3580,610,6920,6130,760,490,270,4270,7770,1680,80,2280,9760,1600,50,810,4220,7220,68810
LAUA,2215,E07000107,Dartford,All,240,1590,1070,250,5270,6060,370,70,260,5430,9510,1150,40,1370,8800,1180,10,160,1380,2670,47260
LAUA,2220,E07000108,Dover,All,570,3160,2260,340,4290,4400,520,130,320,6470,8730,1700,70,2000,8650,1140,30,640,2820,4010,53430
LAUA,2250,E07000112,Folkestone and Hythe,All,480,4010,2900,450,5700,6270,1060,180,150,4090,6270,1450,30,1790,5690,1470,30,530,2860,5190,51750
LAUA,2230,E07000109,Gravesham,All,310,1630,1370,370,5150,3460,550,50,130,3950,9860,1230,20,1210,8070,1280,10,190,1850,2300,43460
LAUA,2235,E07000110,Maidstone,All,870,3220,2060,570,5440,7100,380,120,530,6720,9660,1180,120,2490,14130,2290,30,500,4520,8780,72500
LAUA,2245,E07000111,Sevenoaks,All,530,2020,2140,760,3680,3600,450,70,390,3910,7340,990,80,1650,8200,1820,20,450,3380,8350,51170
LAUA,2255,E07000113,Swale,All,1680,4270,1970,300,4100,3210,210,30,330,7100,12380,1210,110,2500,11160,1410,40,600,3890,5460,63910
LAUA,2260,E07000114,Thanet,All,530,6530,2720,290,9100,9080,1160,270,170,5680,8260,2500,40,1570,9190,2100,20,470,2950,3820,67510
LAUA,2265,E07000115,Tonbridge and Malling,All,660,1750,1350,510,3500,4210,290,60,340,4810,6980,1100,60,2410,12000,2440,30,390,3400,7880,55070
LAUA,2270,E07000116,Tunbridge Wells,All,400,1180,960,410,6590,5150,830,160,320,3710,4300,1050,70,2710,8360,1910,40,520,3300,6970,50000
LAUA,3105,E07000177,Cherwell,All,870,2860,2020,460,4340,3580,170,40,1050,6100,8910,1360,250,3080,12140,2510,50,590,5490,10170,67100
LAUA,3110,E07000178,Oxford,All,350,310,170,40,10240,9210,1190,1360,300,5250,11250,2820,90,1510,10870,2250,40,240,1510,2380,61740
LAUA,3115,E07000179,South Oxfordshire,All,610,2710,2430,740,3160,3880,370,50,590,5090,6270,950,120,2750,11820,2110,70,940,5620,10440,62220
LAUA,3120,E07000180,Vale of White Horse,All,590,2180,2020,670,3670,4340,280,70,410,3670,6530,1100,100,2030,10000,2500,70,730,5420,11230,58570
LAUA,3125,E07000181,West Oxfordshire,All,560,2780,1770,540,2420,2930,240,70,540,3900,6470,1220,160,2430,7970,1490,50,810,4700,7610,49740
LAUA,3605,E07000207,Elmbridge,All,460,890,820,250,5330,8000,970,50,430,2780,5830,1690,70,1910,8010,2630,30,400,4400,11800,58330
LAUA,3610,E07000208,Epsom and Ewell,All,210,1330,680,160,3120,4630,610,40,100,1270,3040,540,40,1190,6920,1530,10,230,2460,4050,32430
LAUA,3615,E07000209,Guildford,All,340,2350,2210,680,6520,5030,460,230,480,3100,4660,640,120,3160,11220,1550,20,690,5700,8610,59050
LAUA,3620,E07000210,Mole Valley,All,560,1580,1700,690,3920,3420,320,40,300,1800,2430,400,70,1380,6200,1230,40,510,3180,6880,38580
LAUA,3625,E07000211,Reigate and Banstead,All,360,1610,1090,350,5990,9030,760,100,160,3170,6480,1170,40,2270,11140,2130,20,480,4960,8790,61750
LAUA,3630,E07000212,Runnymede,All,370,1520,1370,460,4350,4250,450,120,560,2180,2970,730,30,1720,6430,1160,10,340,2520,3890,37190
LAUA,3635,E07000213,Spelthorne,All,460,2110,1280,380,4670,5680,940,30,580,2360,5980,690,50,1590,8620,1800,10,310,2450,2430,43110
LAUA,3640,E07000214,Surrey Heath,All,160,920,1050,420,2730,3610,320,40,210,1500,3000,450,20,1160,5980,940,10,400,3760,9640,37200
LAUA,3645,E07000215,Tandridge,All,260,1470,1290,600,3040,4790,460,40,150,2000,2950,490,60,1480,5930,1210,20,460,3000,6550,37170
LAUA,3650,E07000216,Waverley,All,940,2240,2050,920,4430,4580,530,80,350,3150,4310,700,80,2400,7930,1630,40,860,5810,10250,54100
LAUA,3655,E07000217,Woking,All,280,1410,1180,320,5350,5580,640,40,520,2520,5310,630,30,1000,5920,1230,20,410,3530,6780,43160
LAUA,3805,E07000223,Adur,All,240,4040,2150,460,2870,3260,370,20,120,1530,4510,490,10,690,4240,760,10,160,1000,1120,28450
LAUA,3810,E07000224,Arun,All,620,8390,5610,850,7720,7430,1000,90,250,4790,10040,1280,120,1540,7990,1430,30,850,5310,8060,75770
LAUA,3815,E07000225,Chichester,All,760,4390,3280,960,4200,4710,490,110,210,4180,6260,980,60,2230,7800,1360,50,970,4900,8110,58240
LAUA,3820,E07000226,Crawley,All,450,410,250,70,5200,6340,190,10,650,3240,14260,1380,20,770,5600,880,-,60,1910,3420,45940
LAUA,3825,E07000227,Horsham,All,560,2820,2770,870,5420,5790,390,60,360,4200,6530,730,100,2310,9440,1580,40,790,5780,10990,63820
LAUA,3830,E07000228,Mid Sussex,All,360,2790,1830,510,6190,6410,390,60,380,4110,6030,950,90,1910,11450,2300,30,560,6030,10800,64880
LAUA,3835,E07000229,Worthing,All,200,4430,2450,360,8680,8310,910,70,90,2650,7560,950,10,750,5500,1530,10,350,2580,3170,50880
LAUA,114,E06000022,Bath and North East Somerset UA,All,1160,2730,2420,750,9970,8180,1320,600,250,7600,13370,2610,80,2390,13400,2840,50,590,4540,7940,84330
LAUA,1260,E06000058,"Bournemouth, Christchurch and Poole UA",All,1630,14850,8570,1810,28530,35400,6270,1760,760,6730,10900,1850,90,5210,17550,2600,70,1770,18900,18280,186780
LAUA,116,E06000023,"Bristol, City of UA",All,740,2440,900,140,36160,32610,4090,2090,360,14150,50290,6950,120,3090,33910,5500,50,390,3070,4560,203520
LAUA,840,E06000052,Cornwall UA,All,4800,22140,24910,4960,17550,17430,2750,910,1830,25820,33820,6340,730,11630,30190,6070,470,5170,21780,27000,274850
LAUA,1265,E06000059,Dorset UA,All,2130,14980,14820,2980,11940,14700,1850,350,1110,13000,20220,3720,360,5360,20900,3960,150,2610,15480,22500,179960
LAUA,835,E06000053,Isles of Scilly UA,All,60,90,90,20,140,120,50,-,10,60,100,30,-,50,90,20,10,40,90,70,1180
LAUA,121,E06000024,North Somerset UA,All,730,6240,4360,1190,8150,10940,1210,150,380,5100,9000,1950,60,2780,15960,3910,50,940,7730,13970,97540
LAUA,1160,E06000026,Plymouth UA,All,1760,3870,2640,480,16920,13940,2180,850,650,17290,19890,4530,80,4620,20640,2760,30,350,2950,4800,121770
LAUA,119,E06000025,South Gloucestershire UA,All,1290,3730,2250,480,6550,8250,530,400,1000,9120,22250,2120,130,4440,25330,3560,60,860,9080,16070,120840
LAUA,3935,E06000030,Swindon UA,All,980,2900,2460,410,9050,8900,390,80,850,11570,18520,2150,40,3300,16610,2170,10,370,6550,10570,98310
LAUA,1165,E06000027,Torbay UA,All,410,6520,3290,680,9950,9780,1410,250,310,4470,10020,2220,50,1340,7130,1720,30,420,2850,3730,67850
LAUA,3940,E06000054,Wiltshire UA,All,2010,11430,10020,2830,11980,13580,1250,290,1720,19180,26740,4590,360,8860,39250,6660,210,2990,18360,36290,222940
LAUA,1105,E07000040,East Devon,All,910,6710,4810,950,4180,5910,1000,190,310,6020,7890,1380,120,2350,9010,1760,60,1150,5670,8800,70870
LAUA,1110,E07000041,Exeter,All,250,1570,910,230,9850,6700,760,790,350,5240,10950,2850,60,1430,8010,1530,10,260,2120,3400,58050
LAUA,1135,E07000042,Mid Devon,All,670,2540,2470,490,1940,1580,180,70,250,3540,4690,790,80,1620,4520,1060,60,580,3310,5880,36850
LAUA,1115,E07000043,North Devon,All,530,3690,3520,610,3540,2990,590,160,190,3880,5860,1540,80,1620,4230,1210,70,870,4420,5750,46940
LAUA,1125,E07000044,South Hams,All,760,3350,3050,900,2330,2560,720,120,420,4200,4830,1140,130,1890,5330,1190,80,880,3860,6460,44930
LAUA,1130,E07000045,Teignbridge,All,650,5600,4170,1060,4500,4360,530,140,450,5720,8030,1500,100,2290,6830,1700,60,780,4300,8030,63090
LAUA,1145,E07000046,Torridge,All,420,3110,2900,380,1480,1730,250,90,160,2990,4300,800,50,1110,2950,640,50,760,3530,4370,32970
LAUA,1150,E07000047,West Devon,All,240,1510,1960,520,1370,1170,170,20,180,2780,2620,570,50,1220,3050,700,60,670,2450,4160,25970
LAUA,1605,E07000078,Cheltenham,All,360,2000,1270,330,8040,7240,950,140,440,4650,6530,1700,40,1670,10630,2030,20,290,2430,5140,56610
LAUA,1610,E07000079,Cotswold,All,470,1800,1150,300,2600,2230,270,30,300,3640,5450,1080,130,1820,7040,1260,80,1080,4230,8330,44520
LAUA,1615,E07000080,Forest of Dean,All,960,2550,2370,600,1610,1080,140,40,170,2710,2700,400,80,2470,6930,680,70,1410,5070,5490,38830
LAUA,1620,E07000081,Gloucester,All,680,2420,1260,120,6130,5040,280,130,460,5490,7060,870,50,1910,13880,1780,10,190,3660,5910,57830
LAUA,1625,E07000082,Stroud,All,750,2670,2230,540,3570,2670,210,40,510,4330,5430,1110,150,3080,8960,1630,100,1420,5450,8160,54120
LAUA,1630,E07000083,Tewkesbury,All,320,2290,1810,590,2430,1950,200,20,390,3070,4690,590,60,1660,8290,1100,30,510,3650,7600,42400
LAUA,3305,E07000187,Mendip,All,990,3150,2260,520,3390,2820,200,60,430,5240,6670,1470,100,2070,8500,1320,60,830,4090,6840,52720
LAUA,3310,E07000188,Sedgemoor,All,800,3710,2850,530,3190,3540,400,70,320,4640,8170,980,130,2140,8400,1820,40,670,4320,7760,55870
LAUA,3330,E07000246,Somerset West and Taunton,All,1030,4300,3070,530,5230,5840,430,120,440,6730,9540,1490,120,3070,11170,2010,70,930,5460,9140,73480
LAUA,3325,E07000189,South Somerset,All,1360,5230,3740,700,4660,3690,350,90,530,7390,10820,1480,140,3270,12610,1730,70,1070,6810,9840,78290
LAUA,6805,W06000001,Isle of Anglesey / Ynys MÙn,All,580,3710,4800,980,1050,1380,310,70,90,2330,4860,670,40,830,3590,600,50,800,3530,3860,35190
LAUA,6810,W06000002,Gwynedd / Gwynedd,All,450,4660,4090,860,2430,3080,830,550,310,6360,10060,2680,120,1690,7700,1530,130,1740,5690,6250,61580
LAUA,6905,W06000003,Conwy / Conwy,All,620,6900,3810,530,4410,5700,880,190,210,3090,4560,1050,100,1580,9210,2310,60,1090,4990,5290,57510
LAUA,6830,W06000004,Denbighshire / Sir Ddinbych,All,470,7390,3680,520,2690,2170,230,70,220,2480,3390,730,80,1620,7410,1180,50,700,4180,4820,44970
LAUA,6835,W06000005,Flintshire / Sir y Fflint,All,1180,5610,5010,820,2300,2440,230,40,220,3610,6260,340,90,3590,18750,910,40,1000,7850,8580,69600
LAUA,6955,W06000006,Wrexham / Wrecsam,All,940,3000,2400,370,3190,3560,270,170,190,5490,7420,490,80,4040,13920,960,30,1000,6190,6670,60700
LAUA,N/A,W06000023,Powys / Powys,All,590,3910,5320,1050,2600,2090,380,160,360,3980,6990,1210,110,2400,8290,1450,130,2020,8370,9850,64840
LAUA,6820,W06000008,Ceredigion / Ceredigion,All,320,2710,4040,650,2000,1930,270,300,130,1390,3180,950,60,1090,3990,600,80,1380,4690,4280,35380
LAUA,6845,W06000009,Pembrokeshire / Sir Benfro,All,770,5860,7430,1320,3510,3310,440,60,200,3590,7190,1220,70,2170,8220,750,60,1640,5870,6350,61600
LAUA,N/A,W06000010,Carmarthenshire / Sir Gaerfyrddin,All,750,5700,7170,1280,3780,2720,410,70,230,5000,11380,1710,100,4660,17960,1400,90,2300,9310,10610,88110
LAUA,6855,W06000011,Swansea / Abertawe,All,450,3630,4550,650,9630,8980,1100,540,320,12550,16600,2520,40,5680,24050,2880,20,890,7450,10140,113610
LAUA,6930,W06000012,Neath Port Talbot / Castell-nedd Port Talbot,All,300,1980,2430,210,3280,3740,280,310,90,4000,13080,1240,40,2800,21050,1350,20,470,4360,4910,66570
LAUA,6915,W06000013,Bridgend / Pen-y-bont ar Ogwr,All,180,2820,2840,650,2760,4000,300,50,140,4540,12270,1730,20,1650,16630,1880,20,260,4320,7400,65010
LAUA,6950,W06000014,Vale of Glamorgan / Bro Morgannwg,All,410,1610,2060,820,3700,4730,760,90,140,3860,10650,2590,20,1660,10640,2190,20,310,3870,8440,59770
LAUA,6815,W06000015,Cardiff / Caerdydd,All,540,2560,1540,400,23470,20990,2080,1810,710,10100,34700,7670,70,3610,26150,5220,50,260,5100,11230,159650
LAUA,6940,W06000016,Rhondda Cynon Taf / Rhondda Cynon Taf,All,220,2130,1940,350,4830,3680,450,170,350,11820,38550,5690,40,3020,19170,2190,20,380,4500,8120,109960
LAUA,6925,W06000024,Merthyr Tydfil / Merthyr Tudful,All,310,620,630,140,970,660,90,10,110,3830,9550,870,10,890,4530,560,10,120,1020,1820,27430
LAUA,6920,W06000018,Caerphilly / Caerffili,All,490,2900,2320,370,2730,3190,340,30,120,4970,23160,1590,30,2800,21940,1230,20,330,3960,5410,79530
LAUA,6910,W06000019,Blaenau Gwent / Blaenau Gwent,All,380,990,600,80,1600,1710,90,30,90,5250,11460,820,-,790,5760,440,10,120,820,1050,32710
LAUA,6945,W06000020,Torfaen / Tor-faen,All,450,1000,710,120,2570,2560,190,10,100,5300,12070,1020,20,1180,7270,710,10,280,2280,3490,42250
LAUA,6840,W06000021,Monmouthshire / Sir Fynwy,All,580,1740,1550,470,2340,1760,240,40,200,2420,4670,610,60,1470,7160,940,90,950,4730,9010,42560
LAUA,6935,W06000022,Newport / Casnewydd,All,220,1620,840,200,5620,6500,380,210,220,4120,17430,2280,60,1130,14760,1910,10,260,3510,6720,69400